ID,Title,Author,Year,format,File
1,Gilang Engineering: Sheesshh,Gilank D. Wibowo lanks dkk,2004,PDF,ebook/PERPUS PUSAT BAB 1 DAN 2.pdf
2,Janji by Tere Liye,Tere Liye,2021,PDF,ebook/Janji by Tere Liye.pdf
3,Sendiri by Tere Liye,Tere Liye,2024,PDF,ebook/Sendiri by Tere Liye.pdf
4,Nana Oh Nana by Nitta Yennita,Nitta Yennita,None,PDF,ebook/Nana Oh Nana by Nitta Yennita.pdf
5,Sepotong Hati yang Baru,Tere Liye,2024,PDF,ebook/Sepotong Hati yang Baru by Tere Liye.pdf
6,Si Anak Pelangi,Tere Liye,2019,PDF,ebook/Si Anak Pelangi by Tere Liye.pdf
7,Nadella,Rizca,2023,PDF,ebook/Nadella by Rizca.pdf
8,JJodoh Warisan,Rahma Eko Agustin,2020,PDF,ebook/Jodoh Warisan by Rahma Eko Agustin.pdf
10,Mengurai Belenggu,Alnira,PDF,ebook/Mengurai Belenggu by Alnira.pdf
11,Ringkasan Materi VR Dr. Tengku. Gilang 108,Gilang D. Wibowo,13040123140108,PDF,ebook/Ringkasan Materi VR Dr. Tengku. Gilang 108.pdf
